"id","city:id","name"
mm_07_hinthada_hinthada,mm_07_hinthada,"Hinthada"
mm_07_hinthada_laymyethnar,mm_07_hinthada,"Laymyethnar"
mm_07_hinthada_zalun,mm_07_hinthada,"Zalun"
mm_07_hinthada_Ithapyu,mm_07_hinthada,"Ithapyu"
mm_07_labutta_labutta,mm_07_labutta,"Labutta"
mm_07_labutta_mawlamyinegyun,mm_07_labutta,"Mawlamyinegyun"
mm_07_labutta_kyonmanage,mm_07_labutta,"Kyonmanage"
mm_07_labutta_pyinsalu,mm_07_labutta,"Pyinsalu"
mm_07_ma_ubin_danubyu,mm_07_ma_ubin,"Danubyu"
mm_07_ma_ubin_ma_ubin,mm_07_ma_ubin,"Ma-ubin"
mm_07_ma_ubin_nyaungdon,mm_07_ma_ubin,"Nyaungdon"
mm_07_ma_ubin_pantanaw,mm_07_ma_ubin,"Pantanaw"
mm_07_myaungmya_einme,mm_07_myaungmya,"Einme"
mm_07_myaungmya_myaungmya,mm_07_myaungmya,"Myaungmya"
mm_07_myaungmya_wakema,mm_07_myaungmya,"Wakema"
mm_07_myaungmya_shwelaung,mm_07_myaungmya,"Shwelaung"
mm_07_pathein_kangyidaunk,mm_07_pathein,"Kangyidaunk"
mm_07_pathein_ngapudaw,mm_07_pathein,"Ngapudaw"
mm_07_pathein_pathein,mm_07_pathein,"Pathein"
mm_07_pathein_thabaung,mm_07_pathein,"Thabaung"
mm_07_pathein_chaungtha,mm_07_pathein,"Chaungtha"
mm_07_pathein_hainggyi,mm_07_pathein,"Hainggyi"
mm_07_pathein_ngayokekaung,mm_07_pathein,"Ngayokekaung"
mm_07_pathein_ngwesaung,mm_07_pathein,"Ngwesaung"
mm_07_pyapon_bogale,mm_07_pyapon,"Bogale"
mm_07_pyapon_dedaye,mm_07_pyapon,"Dedaye"
mm_07_pyapon_kyaiklat,mm_07_pyapon,"Kyaiklat"
mm_07_pyapon_pyapon,mm_07_pyapon,"Pyapon"
mm_07_pyapon_ahmar,mm_07_pyapon,"Ahmar"
mm_07_kyonpyaw_kyaunggon,mm_07_kyonpyaw,"Kyaunggon"
mm_07_kyonpyaw_kyonpyaw,mm_07_kyonpyaw,"Kyonpyaw"
mm_07_kyonpyaw_yekyi,mm_07_kyonpyaw,"Yekyi"
mm_07_kyonpyaw_ahtaung,mm_07_kyonpyaw,"Ahtaung"
mm_07_kyonpyaw_ngathinechaung,mm_07_kyonpyaw,"Ngathinechaung"
mm_07_myanaung_ingapu,mm_07_myanaung,"Ingapu"
mm_07_myanaung_kyangin,mm_07_myanaung,"Kyangin"
mm_07_myanaung_myanaung,mm_07_myanaung,"Myanaung"
mm_07_myanaung_kanaung,mm_07_myanaung,"Kanaung"
mm_02_bago_bago,mm_02_bago,"Bago"
mm_02_bago_daik_u,mm_02_bago,"Daik-U"
mm_02_bago_kawa,mm_02_bago,"Kawa"
mm_02_bago_nyaunglebin,mm_02_bago,"Nyaunglebin"
mm_02_bago_shwegyin,mm_02_bago,"Shwegyin"
mm_02_bago_thanatpin,mm_02_bago,"Thanatpin"
mm_02_bago_waw,mm_02_bago,"Waw"
mm_02_bago_kyauktaga,mm_02_bago,"Kyauktaga"
mm_02_taungoo_kyaukkyi,mm_02_taungoo,"Kyaukkyi"
mm_02_taungoo_oktwin,mm_02_taungoo,"Oktwin"
mm_02_taungoo_pyu,mm_02_taungoo,"Pyu"
mm_02_taungoo_tantabin,mm_02_taungoo,"Tantabin"
mm_02_taungoo_taungoo,mm_02_taungoo,"Taungoo"
mm_02_taungoo_yedashe,mm_02_taungoo,"Yedashe"
mm_02_pyay_pandaung,mm_02_pyay,"Pandaung"
mm_02_pyay_paukkaung,mm_02_pyay,"Paukkaung"
mm_02_pyay_paungde,mm_02_pyay,"Paungde"
mm_02_pyay_pyay,mm_02_pyay,"Pyay"
mm_02_pyay_shwedaung,mm_02_pyay,"Shwedaung"
mm_02_pyay_thegon,mm_02_pyay,"Thegon"
mm_02_tharrawaddy_gyobingauk,mm_02_tharrawaddy,"Gyobingauk"
mm_02_tharrawaddy_letpadan,mm_02_tharrawaddy,"Letpadan"
mm_02_tharrawaddy_minhla,mm_02_tharrawaddy,"Minhla"
mm_02_tharrawaddy_monyo,mm_02_tharrawaddy,"Monyo"
mm_02_tharrawaddy_okpho,mm_02_tharrawaddy,"Okpho"
mm_02_tharrawaddy_tharrawaddy,mm_02_tharrawaddy,"Tharrawaddy"
mm_02_tharrawaddy_nattalin,mm_02_tharrawaddy,"Nattalin"
mm_02_tharrawaddy_zigon,mm_02_tharrawaddy,"Zigon"
state_mm_14_falam_falam,state_mm_14_falam,"Falam"
state_mm_14_falam_tiddim,state_mm_14_falam,"Tiddim"
state_mm_14_falam_tonzang,state_mm_14_falam,"Ton Zang"
state_mm_14_hakha_hakha,state_mm_14_hakha,"Hakha"
state_mm_14_hakha_htantlang,state_mm_14_hakha,"Htantlang"
state_mm_14_matupi_matupi,state_mm_14_matupi,"Matupi"
state_mm_14_matupi_paletwa,state_mm_14_matupi,"Paletwa"
state_mm_14_mindat_kanpetlet,state_mm_14_mindat,"Kanpetlet"
state_mm_14_mindat_mindat,state_mm_14_mindat,"Mindat"
state_mm_11_bhamo_bhamo,state_mm_11_bhamo,"Bhamo"
state_mm_11_bhamo_mansi,state_mm_11_bhamo,"Mansi"
state_mm_11_bhamo_momauk,state_mm_11_bhamo,"Momauk"
state_mm_11_bhamo_shwegu,state_mm_11_bhamo,"Shwegu"
state_mm_11_mohnyin_hpakant,state_mm_11_mohnyin,"Hpakant"
state_mm_11_mohnyin_mogaung,state_mm_11_mohnyin,"Mogaung"
state_mm_11_mohnyin_mohnyin,state_mm_11_mohnyin,"Mohnyin"
state_mm_11_myitkyina_chipwi,state_mm_11_myitkyina,"Chipwi"
state_mm_11_myitkyina_hsawlaw,state_mm_11_myitkyina,"Hsawlaw"
state_mm_11_myitkyina_injangyang,state_mm_11_myitkyina,"Injangyang"
state_mm_11_myitkyina_myitkyina,state_mm_11_myitkyina,"Myitkyina"
state_mm_11_myitkyina_tanai,state_mm_11_myitkyina,"Tanai"
state_mm_11_myitkyina_waingmaw,state_mm_11_myitkyina,"Waingmaw"
state_mm_11_putao_kawnglanghpu,state_mm_11_putao,"Kawnglanghpu"
state_mm_11_putao_machanbaw,state_mm_11_putao,"Machanbaw"
state_mm_11_putao_nogmung,state_mm_11_putao,"Nogmung"
state_mm_11_putao_putao,state_mm_11_putao,"Putao"
state_mm_11_putao_sumprabum,state_mm_11_putao,"Sumprabum"
state_mm_12_bawlakhe_bawlakhe,state_mm_12_bawlakhe,"Bawlakhe"
state_mm_12_bawlakhe_hpasawng,state_mm_12_bawlakhe,"Hpasawng"
state_mm_12_bawlakhe_mese,state_mm_12_bawlakhe,"Mese"
state_mm_12_bawlakhe_ywathit,state_mm_12_bawlakhe,"Ywathit"
state_mm_12_loikaw_ywathit,state_mm_12_loikaw,"Demoso"
state_mm_12_loikaw_hpruso,state_mm_12_loikaw,"Hpruso"
state_mm_12_loikaw_loikaw,state_mm_12_loikaw,"Loikaw"
state_mm_12_loikaw_shadaw,state_mm_12_loikaw,"Shadaw"
state_mm_13_hpa_an_hlaingbwe,state_mm_13_hpa_an,"Hlaingbwe"
state_mm_13_hpa_an_hpa_an,state_mm_13_hpa_an,"Hpa-an"
state_mm_13_hpa_an_thandaunggyi,state_mm_13_hpa_an,"Thandaunggyi"
state_mm_13_hpapun_hpapun,state_mm_13_hpapun,"Hpapun"
state_mm_13_kawkareik_kawkareik,state_mm_13_kawkareik,"Kawkareik"
state_mm_13_kawkareik_kyainseikgyi,state_mm_13_kawkareik,"Kyain Seikgyi"
state_mm_13_myawaddy_myawaddy,state_mm_13_myawaddy,"Myawaddy"
state_mm_03_gangaw_gangaw,state_mm_03_gangaw,"Gangaw"
state_mm_03_gangaw_saw,state_mm_03_gangaw,"Saw"
state_mm_03_gangaw_tilin,state_mm_03_gangaw,"Tilin"
state_mm_03_gangaw_kyaukhtu,state_mm_03_gangaw,"Kyaukhtu"
state_mm_03_magway_chauk,state_mm_03_magway,"Chauk"
state_mm_03_magway_magway,state_mm_03_magway,"Magway"
state_mm_03_magway_myothit,state_mm_03_magway,"Myothit"
state_mm_03_magway_natmauk,state_mm_03_magway,"Natmauk"
state_mm_03_magway_taungdwingyi,state_mm_03_magway,"Taungdwingyi"
state_mm_03_magway_taungdwingyi,state_mm_03_magway,"Yenangyaung"
state_mm_03_minbu_minbu,state_mm_03_minbu,"Minbu"
state_mm_03_minbu_ngape,state_mm_03_minbu,"Ngape"
state_mm_03_minbu_pwintbyu,state_mm_03_minbu,"Pwintbyu"
state_mm_03_minbu_salin,state_mm_03_minbu,"Salin"
state_mm_03_minbu_sidoktaya,state_mm_03_minbu,"Sidoktaya"
state_mm_03_pakokku_myaing,state_mm_03_pakokku,"Myaing"
state_mm_03_pakokku_myaing,state_mm_03_pakokku,"Pakokku"
state_mm_03_pakokku_pauk,state_mm_03_pakokku,"Pauk"
state_mm_03_pakokku_seikphyu,state_mm_03_pakokku,"Seikphyu"
state_mm_03_pakokku_yesagyo,state_mm_03_pakokku,"Yesagyo"
state_mm_03_thayet_aunglan,state_mm_03_thayet,"Aunglan"
state_mm_03_thayet_kamma,state_mm_03_thayet,"Kamma"
state_mm_03_thayet_mindon,state_mm_03_thayet,"Mindon"
state_mm_03_thayet_minhla,state_mm_03_thayet,"Minhla"
state_mm_03_thayet_sinbaungwe,state_mm_03_thayet,"Sinbaungwe"
state_mm_03_thayet_thayet,state_mm_03_thayet,"Thayet"
state_mm_04_kyaukse_kyaukse,state_mm_04_kyaukse,"Kyaukse"
state_mm_04_kyaukse_myittha,state_mm_04_kyaukse,"Myittha"
state_mm_04_kyaukse_sintgaing,state_mm_04_kyaukse,"Sintgaing"
state_mm_04_kyaukse_tada_u,state_mm_04_kyaukse,"Tada-U"
state_mm_04_mandalay_amarapura,state_mm_04_mandalay,"Amarapura"
state_mm_04_mandalay_aungmyethazan,state_mm_04_mandalay,"Aungmyethazan"
state_mm_04_mandalay_chanayethazan,state_mm_04_mandalay,"Chanayethazan"
state_mm_04_mandalay_chanmyathazi,state_mm_04_mandalay,"Chanmyathazi"
state_mm_04_mandalay_mahaaungmye,state_mm_04_mandalay,"Maha Aungmye"
state_mm_04_mandalay_patheingyi,state_mm_04_mandalay,"Patheingyi"
state_mm_04_mandalay_pyigyidagun,state_mm_04_mandalay,"Pyigyidagun"
state_mm_04_meiktila_mahlaing,state_mm_04_meiktila,"Mahlaing"
state_mm_04_meiktila_meiktila,state_mm_04_meiktila,"Meiktila"
state_mm_04_meiktila_thazi,state_mm_04_meiktila,"Thazi"
state_mm_04_meiktila_wundwin,state_mm_04_meiktila,"Wundwin"
state_mm_04_myingyan_myingyan,state_mm_04_myingyan,"Myingyan"
state_mm_04_myingyan_natogyi,state_mm_04_myingyan,"Natogyi"
state_mm_04_myingyan_ngazun,state_mm_04_myingyan,"Ngazun"
state_mm_04_myingyan_taungtha,state_mm_04_myingyan,"Taungtha"
state_mm_04_nyaung_u_kyaukpadaung,state_mm_04_nyaung_u,"Kyaukpadaung"
state_mm_04_nyaung_u_nyaung_u,state_mm_04_nyaung_u,"Nyaung-U"
state_mm_04_nyaung_u_ngathayauk,state_mm_04_nyaung_u,"Ngathayauk"
state_mm_04_pyinoolwin_madaya,state_mm_04_pyinoolwin,"Madaya"
state_mm_04_pyinoolwin_mogok,state_mm_04_pyinoolwin,"Mogok"
state_mm_04_pyinoolwin_pyinoolwin,state_mm_04_pyinoolwin,"Pyinoolwin"
state_mm_04_pyinoolwin_singu,state_mm_04_pyinoolwin,"Singu"
state_mm_04_pyinoolwin_thabeikkyin,state_mm_04_pyinoolwin,"Thabeikkyin"
state_mm_04_pyinoolwin_tagaung,state_mm_04_pyinoolwin,"Tagaung"
state_mm_04_yamethin_pyawbwe,state_mm_04_yamethin,"Pyawbwe"
state_mm_04_yamethin_yamethin,state_mm_04_yamethin,"Yamethin"
state_mm_15_mawlamyine_chaungzon,state_mm_15_mawlamyine,"Chaungzon"
state_mm_15_mawlamyine_kyaikmaraw,state_mm_15_mawlamyine,"Kyaikmaraw"
state_mm_15_mawlamyine_mawlamyine,state_mm_15_mawlamyine,"Mawlamyine"
state_mm_15_mawlamyine_mudon,state_mm_15_mawlamyine,"Mudon"
state_mm_15_mawlamyine_thanbyuzayat,state_mm_15_mawlamyine,"Thanbyuzayat"
state_mm_15_mawlamyine_ye,state_mm_15_mawlamyine,"Ye"
state_mm_15_thaton_bilin,state_mm_15_thaton,"Bilin"
state_mm_15_thaton_kyaikto,state_mm_15_thaton,"Kyaikto"
state_mm_15_thaton_paung,state_mm_15_thaton,"Paung"
state_mm_15_thaton_thaton,state_mm_15_thaton,"Thaton"
state_mm_16_kyaukpyu_ann,state_mm_16_kyaukpyu,"Ann"
state_mm_16_kyaukpyu_kyaukpyu,state_mm_16_kyaukpyu,"Kyaukpyu"
state_mm_16_kyaukpyu_manaung,state_mm_16_kyaukpyu,"Manaung"
state_mm_16_kyaukpyu_ramree,state_mm_16_kyaukpyu,"Ramree"
state_mm_16_maungdaw_buthidaung,state_mm_16_maungdaw,"Buthidaung"
state_mm_16_maungdaw_maungdaw,state_mm_16_maungdaw,"Maungdaw"
state_mm_16_sittwe_pauktaw,state_mm_16_sittwe,"Pauktaw"
state_mm_16_sittwe_ponnagyun,state_mm_16_sittwe,"Ponnagyun"
state_mm_16_sittwe_rathedaung,state_mm_16_sittwe,"Rathedaung"
state_mm_16_sittwe_sittwe,state_mm_16_sittwe,"Sittwe"
state_mm_16_thandwe_thandwe,state_mm_16_thandwe,"Thandwe"
state_mm_16_thandwe_toungup,state_mm_16_thandwe,"Toungup"
state_mm_16_thandwe_gwa,state_mm_16_thandwe,"Gwa"
state_mm_16_thandwe_maei,state_mm_16_thandwe,"Maei"
state_mm_16_thandwe_kyeintali,state_mm_16_thandwe,"Kyeintali"
state_mm_16_mrauk_u_kyauktaw,state_mm_16_mrauk_u,"Kyauktaw"
state_mm_16_mrauk_u_minbya,state_mm_16_mrauk_u,"Minbya"
state_mm_16_mrauk_u_mrauk_u,state_mm_16_mrauk_u,"Mrauk-U"
state_mm_16_mrauk_u_myebon,state_mm_16_mrauk_u,"Myebon"
state_mm_17_kengtung_kengtung,state_mm_17_kengtung,"Kengtung"
state_mm_17_kengtung_mongkhet,state_mm_17_kengtung,"Mong Khet"
state_mm_17_kengtung_mongla,state_mm_17_kengtung,"Mong La"
state_mm_17_kengtung_mongyang,state_mm_17_kengtung,"Mong Yang"
state_mm_17_kengtung_minepauk,state_mm_17_kengtung,"Mine Pauk"
state_mm_17_kengtung_minelar,state_mm_17_kengtung,"Minelar"
state_mm_17_monghpayak_monghpayak,state_mm_17_monghpayak,"Mong Hpayak"
state_mm_17_monghpayak_mongyawng,state_mm_17_monghpayak,"Mong Yawng"
state_mm_17_monghpayak_mineyu,state_mm_17_monghpayak,"Mineyu"
state_mm_17_monghsat_monghsat,state_mm_17_monghsat,"Mong Hsat"
state_mm_17_monghsat_mongping,state_mm_17_monghsat,"Mong Ping"
state_mm_17_monghsat_mongtong,state_mm_17_monghsat,"Mong Tong"
state_mm_17_monghsat_minekoke,state_mm_17_monghsat,"Minekoke"
state_mm_17_monghsat_monehta,state_mm_17_monghsat,"Monehta"
state_mm_17_monghsat_ponparkyin,state_mm_17_monghsat,"Ponparkyin"
state_mm_17_monghsat_tontar,state_mm_17_monghsat,"Tontar"
state_mm_17_tachileik_tachileik,state_mm_17_tachileik,"Tachileik"
state_mm_17_tachileik_kyainglap,state_mm_17_tachileik,"Kyaing Lap (Kenglap)"
state_mm_17_tachileik_talay,state_mm_17_tachileik,"Talay"
state_mm_17_kunlong_kunlong,state_mm_17_kunlong,"Kunlong"
state_mm_17_kyaukme_hsipaw,state_mm_17_kyaukme,"Hsipaw"
state_mm_17_kyaukme_kyaukme,state_mm_17_kyaukme,"Kyaukme"
state_mm_17_kyaukme_namtu,state_mm_17_kyaukme,"Namtu"
state_mm_17_kyaukme_nawnghkio,state_mm_17_kyaukme,"Nawnghkio"
state_mm_17_kyaukme_minelon,state_mm_17_kyaukme,"Minelon"
state_mm_17_kyaukme_minengaw,state_mm_17_kyaukme,"Minengaw"
state_mm_17_lashio_hseni,state_mm_17_lashio,"Hseni"
state_mm_17_lashio_lashio,state_mm_17_lashio,"Lashio"
state_mm_17_lashio_mongyai,state_mm_17_lashio,"Mongyai"
state_mm_17_lashio_tangyan,state_mm_17_lashio,"Tangyan"
state_mm_17_laukkaing_laukkaing,state_mm_17_laukkaing,"Laukkaing"
state_mm_17_laukkaing_konkyan,state_mm_17_laukkaing,"Konkyan"
state_mm_17_laukkaing_chinshwehaw,state_mm_17_laukkaing,"Chinshwehaw"
state_mm_17_laukkaing_mawhtike,state_mm_17_laukkaing,"Mawhtike"
state_mm_17_muse_kutkai,state_mm_17_muse,"Kutkai"
state_mm_17_muse_muse,state_mm_17_muse,"Mu Se"
state_mm_17_muse_nanhkan,state_mm_17_muse,"Nanhkan"
state_mm_17_muse_manhero,state_mm_17_muse,"Manhero"
state_mm_17_muse_monekoe,state_mm_17_muse,"Monekoe"
state_mm_17_muse_pansai,state_mm_17_muse,"Pansai (Kyu-kok)"
state_mm_17_muse_tamoenye,state_mm_17_muse,"Tamoenye"
state_mm_17_mongmit_mabein,state_mm_17_mongmit,"Mabein"
state_mm_17_mongmit_mongmit,state_mm_17_mongmit,"Mongmit"
state_mm_17_p_l_s_a_z_mantong,state_mm_17_palaung_self_administered_zone,"Mantong"
state_mm_17_p_l_s_a_z_namhsan,state_mm_17_palaung_self_administered_zone,"Namhsan"
state_mm_17_w_s_a_d_hopang,state_mm_17_wa_self_administered_division,"Hopang"
state_mm_17_w_s_a_d_mongmaw,state_mm_17_wa_self_administered_division,"Mongmaw (Minemaw)"
state_mm_17_w_s_a_d_pangwaun,state_mm_17_wa_self_administered_division,"Pangwaun (Panwine)"
state_mm_17_w_s_a_d_namtit,state_mm_17_wa_self_administered_division,"Namtit"
state_mm_17_w_s_a_d_panlong,state_mm_17_wa_self_administered_division,"Panlong"
state_mm_17_w_s_a_d_matman,state_mm_17_wa_self_administered_division,"Matman (Metman)"
state_mm_17_w_s_a_d_namphan,state_mm_17_wa_self_administered_division,"Namphan (Naphang)"
state_mm_17_w_s_a_d_pangsang,state_mm_17_wa_self_administered_division,"Pangsang (Pan San)"
state_mm_17_w_s_a_d_mankan,state_mm_17_wa_self_administered_division,"Man Kan"
state_mm_17_langkho_langhko,state_mm_17_langkho,"Langhko"
state_mm_17_langkho_mawkmai,state_mm_17_langkho,"Mawkmai"
state_mm_17_langkho_mongnai,state_mm_17_langkho,"Mong Nai"
state_mm_17_langkho_mongpan,state_mm_17_langkho,"Mong Pan"
state_mm_17_langkho_homane,state_mm_17_langkho,"Homane"
state_mm_17_langkho_kengtaung,state_mm_17_langkho,"Kengtaung"
state_mm_17_loilen_kunhing,state_mm_17_loilen,"Kunhing"
state_mm_17_loilen_kyethi,state_mm_17_loilen,"Kyethi"
state_mm_17_loilen_lai_hka,state_mm_17_loilen,"Lai-Hka"
state_mm_17_loilen_loilen,state_mm_17_loilen,"Loilen"
state_mm_17_loilen_monghsu,state_mm_17_loilen,"Mong Hsu"
state_mm_17_loilen_mongkung,state_mm_17_loilen,"Mong Kung"
state_mm_17_loilen_nansang,state_mm_17_loilen,"Nansang"
state_mm_17_loilen_karli,state_mm_17_loilen,"Karli"
state_mm_17_loilen_kholan,state_mm_17_loilen,"Kholan"
state_mm_17_loilen_minenaung,state_mm_17_loilen,"Minenaung"
state_mm_17_loilen_minesan,state_mm_17_loilen,"Minesan"
state_mm_17_loilen_panglong,state_mm_17_loilen,"Panglong"
state_mm_17_taunggyi_kalaw,state_mm_17_taunggyi,"Kalaw"
state_mm_17_taunggyi_lawksawk,state_mm_17_taunggyi,"Lawksawk"
state_mm_17_taunggyi_nyaungshwe,state_mm_17_taunggyi,"Nyaungshwe"
state_mm_17_taunggyi_pekon,state_mm_17_taunggyi,"Pekon"
state_mm_17_taunggyi_taunggyi,state_mm_17_taunggyi,"Taunggyi"
state_mm_17_taunggyi_indaw,state_mm_17_taunggyi,"Indaw"
state_mm_17_taunggyi_kyauktalongyi,state_mm_17_taunggyi,"Kyauktalongyi"
state_mm_17_taunggyi_naungtayar,state_mm_17_taunggyi,"Naungtayar"
state_mm_17_d_s_a_z_pindaya,state_mm_17_danu_self_administered_zone,"Pindaya"
state_mm_17_d_s_a_z_ywangan,state_mm_17_danu_self_administered_zone,"Ywangan"
state_mm_17_p_o_s_a_z_hopong,state_mm_17_pa_o_self_administered_zone,"Hopong"
state_mm_17_p_o_s_a_z_hsihseng,state_mm_17_pa_o_self_administered_zone,"Hsi Hseng"
state_mm_17_p_o_s_a_z_pinlaung,state_mm_17_pa_o_self_administered_zone,"Pinlaung"
state_mm_01_hkamti_hkamti,state_mm_01_hkamti,"Hkamti (Singkaling Hkamti)"
state_mm_01_hkamti_homalin,state_mm_01_hkamti,"Homalin"
state_mm_01_kanbalu_kanbalu,state_mm_01_kanbalu,"Kanbalu"
state_mm_01_kanbalu_kyunhla,state_mm_01_kanbalu,"Kyunhla"
state_mm_01_kanbalu_taze,state_mm_01_kanbalu,"Taze"
state_mm_01_kanbalu_ye_u,state_mm_01_kanbalu,"Ye-U"
state_mm_01_kale_kale,state_mm_01_kale,"Kale (Kalaymyo)"
state_mm_01_kale_kalewa,state_mm_01_kale,"Kalewa"
state_mm_01_kale_mingin,state_mm_01_kale,"Mingin"
state_mm_01_katha_banmauk,state_mm_01_katha,"Banmauk"
state_mm_01_katha_indaw,state_mm_01_katha,"Indaw"
state_mm_01_katha_katha,state_mm_01_katha,"Katha"
state_mm_01_katha_kawlin,state_mm_01_katha,"Kawlin"
state_mm_01_katha_pinlebu,state_mm_01_katha,"Pinlebu"
state_mm_01_katha_htigyaing,state_mm_01_katha,"Htigyaing"
state_mm_01_katha_wuntho,state_mm_01_katha,"Wuntho"
state_mm_01_mawlaik_mawlaik,state_mm_01_mawlaik,"Mawlaik"
state_mm_01_mawlaik_paungbyin,state_mm_01_mawlaik,"Paungbyin"
state_mm_01_monywa_ayadaw,state_mm_01_monywa,"Ayadaw"
state_mm_01_monywa_budalin,state_mm_01_monywa,"Budalin"
state_mm_01_monywa_chaung_u,state_mm_01_monywa,"Chaung-U"
state_mm_01_monywa_monywa,state_mm_01_monywa,"Monywa"
state_mm_01_sagaing_myaung,state_mm_01_sagaing,"Myaung"
state_mm_01_sagaing_myinmu,state_mm_01_sagaing,"Myinmu"
state_mm_01_sagaing_sagaing,state_mm_01_sagaing,"Sagaing"
state_mm_01_shwebo_khin_u,state_mm_01_shwebo,"Khin-U"
state_mm_01_shwebo_shwebo,state_mm_01_shwebo,"Shwebo"
state_mm_01_shwebo_wetlet,state_mm_01_shwebo,"Wetlet"
state_mm_01_shwebo_tabayin,state_mm_01_shwebo,"Tabayin"
state_mm_01_tamu_tamu,state_mm_01_tamu,"Tamu"
state_mm_01_yinmabin_kani,state_mm_01_yinmabin,"Kani"
state_mm_01_yinmabin_pale,state_mm_01_yinmabin,"Pale"
state_mm_01_yinmabin_salingyi,state_mm_01_yinmabin,"Salingyi"
state_mm_01_yinmabin_yinmabin,state_mm_01_yinmabin,"Yinmabin"
state_mm_01_n_s_a_z_lahe,state_mm_01_naga_self_administered_zone,"Lahe"
state_mm_01_n_s_a_z_leshi,state_mm_01_naga_self_administered_zone,"Leshi"
state_mm_01_n_s_a_z_nanyun,state_mm_01_naga_self_administered_zone,"Nanyun"
state_mm_05_dawei_dawei,state_mm_05_dawei,"Dawei"
state_mm_05_dawei_launglon,state_mm_05_dawei,"Launglon"
state_mm_05_dawei_thayetchaung,state_mm_05_dawei,"Thayetchaung"
state_mm_05_dawei_yebyu,state_mm_05_dawei,"Yebyu"
state_mm_05_dawei_kaleinaung,state_mm_05_dawei,"Kaleinaung"
state_mm_05_dawei_myitta,state_mm_05_dawei,"Myitta"
state_mm_05_kawthaung_bokpyin,state_mm_05_kawthaung,"Bokpyin"
state_mm_05_kawthaung_kawthaung,state_mm_05_kawthaung,"Kawthaung"
state_mm_05_kawthaung_karathuri,state_mm_05_kawthaung,"Karathuri"
state_mm_05_kawthaung_khamaukgyi,state_mm_05_kawthaung,"Khamaukgyi"
state_mm_05_kawthaung_pyigyimandaing,state_mm_05_kawthaung,"Pyigyimandaing"
state_mm_05_myeik_kyunsu,state_mm_05_myeik,"Kyunsu"
state_mm_05_myeik_myeik,state_mm_05_myeik,"Myeik"
state_mm_05_myeik_palaw,state_mm_05_myeik,"Palaw"
state_mm_05_myeik_tanintharyi,state_mm_05_myeik,"Tanintharyi"
state_mm_05_myeik_palauk,state_mm_05_myeik,"Palauk"
state_mm_06_yangon_botataung,state_mm_06_yangon,"Botataung"
state_mm_06_yangon_dagonseikkan,state_mm_06_yangon,"Dagon Seikkan"
state_mm_06_yangon_eastdagon,state_mm_06_yangon,"East Dagon"
state_mm_06_yangon_northdagon,state_mm_06_yangon,"North Dagon"
state_mm_06_yangon_northokkalapa,state_mm_06_yangon,"North Okkalapa"
state_mm_06_yangon_pazundaung,state_mm_06_yangon,"Pazundaung"
state_mm_06_yangon_southdagon,state_mm_06_yangon,"South Dagon"
state_mm_06_yangon_southokkalapa,state_mm_06_yangon,"South Okkalapa"
state_mm_06_yangon_thingangyun,state_mm_06_yangon,"Thingangyun"
state_mm_06_yangon_dawbon,state_mm_06_yangon,"Dawbon"
state_mm_06_yangon_mingalataungnyunt,state_mm_06_yangon,"Mingala Taungnyunt"
state_mm_06_yangon_tamwe,state_mm_06_yangon,"Tamwe"
state_mm_06_yangon_thaketa,state_mm_06_yangon,"Thaketa"
state_mm_06_yangon_yankin,state_mm_06_yangon,"Yankin"
state_mm_06_yangon_hlaingthaya,state_mm_06_yangon,"Hlaingthaya"
state_mm_06_yangon_insein,state_mm_06_yangon,"Insein"
state_mm_06_yangon_mingaladon,state_mm_06_yangon,"Mingaladon"
state_mm_06_yangon_shwepyitha,state_mm_06_yangon,"Shwepyitha"
state_mm_06_yangon_hlegu,state_mm_06_yangon,"Hlegu"
state_mm_06_yangon_hmawbi,state_mm_06_yangon,"Hmawbi"
state_mm_06_yangon_htantabin,state_mm_06_yangon,"Htantabin"
state_mm_06_yangon_taikkyi,state_mm_06_yangon,"Taikkyi"
state_mm_06_yangon_dala,state_mm_06_yangon,"Dala"
state_mm_06_yangon_seikkyikanaungto,state_mm_06_yangon,"Seikkyi Kanaungto"
state_mm_06_yangon_cocokyun,state_mm_06_yangon,"Cocokyun"
state_mm_06_yangon_kawhmu,state_mm_06_yangon,"Kawhmu"
state_mm_06_yangon_kayan,state_mm_06_yangon,"Kayan"
state_mm_06_yangon_kungyangon,state_mm_06_yangon,"Kungyangon"
state_mm_06_yangon_kyauktan,state_mm_06_yangon,"Kyauktan"
state_mm_06_yangon_thanlyin,state_mm_06_yangon,"Thanlyin"
state_mm_06_yangon_thongwa,state_mm_06_yangon,"Thongwa"
state_mm_06_yangon_twante,state_mm_06_yangon,"Twante"
state_mm_06_yangon_tada,state_mm_06_yangon,"Tada"
state_mm_06_yangon_ahlon,state_mm_06_yangon,"Ahlon"
state_mm_06_yangon_bahan,state_mm_06_yangon,"Bahan"
state_mm_06_yangon_dagon,state_mm_06_yangon,"Dagon"
state_mm_06_yangon_kyauktada,state_mm_06_yangon,"Kyauktada"
state_mm_06_yangon_kyimyindaing,state_mm_06_yangon,"Kyimyindaing"
state_mm_06_yangon_lanmadaw,state_mm_06_yangon,"Lanmadaw"
state_mm_06_yangon_latha,state_mm_06_yangon,"Latha"
state_mm_06_yangon_pabedan,state_mm_06_yangon,"Pabedan"
state_mm_06_yangon_sanchaung,state_mm_06_yangon,"Sanchaung"
state_mm_06_yangon_seikkan,state_mm_06_yangon,"Seikkan"
state_mm_06_yangon_hlaing,state_mm_06_yangon,"Hlaing"
state_mm_06_yangon_kamayut,state_mm_06_yangon,"Kamayut"
state_mm_06_yangon_mayangon,state_mm_06_yangon,"Mayangon"
state_mm_18_ottara_ottarathiri,state_mm_18_ottara,"Ottarathiri"
state_mm_18_ottara_pobbathiri,state_mm_18_ottara,"Pobbathiri"
state_mm_18_ottara_tatkon,state_mm_18_ottara,"Tatkon"
state_mm_18_ottara_zeyarthiri,state_mm_18_ottara,"Zeyarthiri"
state_mm_18_dekkhina_dekkhinathiri,state_mm_18_dekkhina,"Dekkhinathiri"
state_mm_18_dekkhina_lewe,state_mm_18_dekkhina,"Lewe"
state_mm_18_dekkhina_pyinmana,state_mm_18_dekkhina,"Pyinmana"
state_mm_18_dekkhina_zabuthiri,state_mm_18_dekkhina,"Zabuthiri"